Transcription,Class
turn on tee,Turn_on_TV
turn on tiv,Turn_on_TV
stern on davy,Turn_on_TV
turned on tavy,Turn_on_TV
turn on these,Turn_on_TV
turn on tw,Turn_on_TV
turn on tavy,Turn_on_TV
turned on tevy,Turn_on_TV
turn on tevi,Turn_on_TV
switch on tivy,Turn_on_TV
switch on davy,Turn_on_TV
switch on t v,Turn_on_TV
s which aunt dave,Turn_on_TV
turn on tiv,Turn_on_TV
turned on davy,Turn_on_TV
turnd on theve,Turn_on_TV
turnd on dave,Turn_on_TV
turn on tev,Turn_on_TV
turn on tive,Turn_on_TV
turn on tv,Turn_on_TV
turn on davy,Turn_on_TV
turn on tivi,Turn_on_TV
turn on durti v,Turn_on_TV
turn on thirty weel,Turn_on_TV
turnd on thir ty we,Turn_on_TV
turn on dirty wee,Turn_on_TV
tern all dirty we,Turn_on_TV
i think wat te fer e,Turn_on_TV
tirs aunt teve,Turn_on_TV
tar on tevi,Turn_on_TV
turned on teve,Turn_on_TV
tur on tivi,Turn_on_TV
tars anty,Turn_on_TV
tar an tevi,Turn_on_TV
starting on dave,Turn_on_TV
taron tewi,Turn_on_TV
tarnan tewi,Turn_on_TV
scarte tirtyvel,Turn_on_TV
start dirty wil,Turn_on_TV
star berteve,Turn_on_TV
starst dirti ve,Turn_on_TV
start te teri,Turn_on_TV
start the tevi,Turn_on_TV
start the tivi,Turn_on_TV
start de p v,Turn_on_TV
start dor teve,Turn_on_TV
stat the tivi,Turn_on_TV
start tirty,Turn_on_TV
start thirty,Turn_on_TV
start dortivi,Turn_on_TV
start dor tivy,Turn_on_TV
start ther davy,Turn_on_TV
start the teve,Turn_on_TV
start the tivi,Turn_on_TV
start te divy,Turn_on_TV
start the tivy,Turn_on_TV
start the tivi,Turn_on_TV
urten on dertive,Turn_on_TV
sturin on dirty wee,Turn_on_TV
te turn on the tive,Turn_on_TV
turn on the tivi,Turn_on_TV
turng on thirty,Turn_on_TV
turn on the tive,Turn_on_TV
turn on bertivi,Turn_on_TV
tarn on ta t v,Turn_on_TV
turn on thirty,Turn_on_TV
turn on the tive,Turn_on_TV
taran on the tevi,Turn_on_TV
tur on thirty,Turn_on_TV
tivichalukad,Turn_on_TV
te vi talukar,Turn_on_TV
tivitalucam,Turn_on_TV
deritalocav,Turn_on_TV
taran an bativi,Turn_on_TV
turn on tha tivi,Turn_on_TV
turin on tha dave,Turn_on_TV
tarn onde t v,Turn_on_TV
turn on the teve,Turn_on_TV
turned on the tivil,Turn_on_TV
turn on the tiv,Turn_on_TV
tarn on the tiwe,Turn_on_TV
turn on the tivi,Turn_on_TV
torme on the tive,Turn_on_TV
starting on the davy,Turn_on_TV
turng on the tivi,Turn_on_TV
tard or the tiwe,Turn_on_TV
turned on the tave,Turn_on_TV
turned on the tivi,Turn_on_TV
turn on the tave,Turn_on_TV
turning on the tea wheel,Turn_on_TV
tarn on the tivi,Turn_on_TV
te we on,Turn_on_TV
t v on,Turn_on_TV
t v on,Turn_on_TV
t v on,Turn_on_TV
jalupal teave,Turn_on_TV
dave jalovar,Turn_on_TV
tivi chalukur,Turn_on_TV
ti vi calu kur,Turn_on_TV
ti vi thalu kar,Turn_on_TV
turn on ther tive,Turn_on_TV
turn on the tiv,Turn_on_TV
turn on the tave,Turn_on_TV
turn on the tivi,Turn_on_TV
t vi chalo cadu,Turn_on_TV
chalu kartimi,Turn_on_TV
talucar tivi,Turn_on_TV
ti vi talu cara,Turn_on_TV
turn on the tive,Turn_on_TV
sreach on the tivi,Turn_on_TV
switch on the tive,Turn_on_TV
sweech on the tive,Turn_on_TV
sweet on the tivie,Turn_on_TV
sweech on the tive,Turn_on_TV
switch on the tive,Turn_on_TV
turn on the tive,Turn_on_TV
turne on the tivi,Turn_on_TV
tur on the tivi,Turn_on_TV
turin on the teve,Turn_on_TV
turn on the tavle,Turn_on_TV
turn on the tive,Turn_on_TV
vi talukar,Turn_on_TV
srich on the tive,Turn_on_TV
trich on the tivy,Turn_on_TV
which on the tive,Turn_on_TV
dave on,Turn_on_TV
dve on,Turn_on_TV
t v on,Turn_on_TV
d we on,Turn_on_TV
te wee on,Turn_on_TV
t v on,Turn_on_TV
t v on,Turn_on_TV
t v on,Turn_on_TV
turn on ther tivi,Turn_on_TV
turn on dhirty ve,Turn_on_TV
tur on the tiv,Turn_on_TV
turn on the hill,Turn_on_TV
ti ye swe pid my bed,Turn_on_TV
a trequence out,Turn_on_TV
trar davi,Turn_on_TV
turned on the siv,Turn_on_TV
tarm on tha tivi,Turn_on_TV
urn on thartivi,Turn_on_TV
turn on dertive,Turn_on_TV
turned on thirty,Turn_on_TV
turn on the tiv,Turn_on_TV
turn on the tev,Turn_on_TV
starting on the tivi,Turn_on_TV
devi chalu kurt,Turn_on_TV
starting the tivi,Turn_on_TV
starting ghertivi,Turn_on_TV
starting the tivi,Turn_on_TV
es starting the teawee,Turn_on_TV
start er thirteen,Turn_on_TV
start thirty,Turn_on_TV
start the t v,Turn_on_TV
start ter hinry,Turn_on_TV
starrd tir evis,Turn_on_TV
start ther tee,Turn_on_TV
tis anti,Turn_on_TV
on te ril,Turn_on_TV
on t v,Turn_on_TV
on ati we,Turn_on_TV
on table,Turn_on_TV
on tev,Turn_on_TV
on th v,Turn_on_TV
on tiwe,Turn_on_TV
on the re,Turn_on_TV
t w on,Turn_on_TV
p we on,Turn_on_TV
t v on,Turn_on_TV
t v on,Turn_on_TV
turs on the tavis,Turn_on_TV
thirn on thirty,Turn_on_TV
turt on the teve,Turn_on_TV
turn on the tivi livera,Turn_on_TV
turdle on the twilibra,Turn_on_TV
libra to turn on the te,Turn_on_TV
libra turned on the te,Turn_on_TV
libra tarn on thirsti wiv,Turn_on_TV
libra turnd on thirsty,Turn_on_TV
libra tun on the the r,Turn_on_TV
livdra turn on the t v,Turn_on_TV
turn on the tiv,Turn_on_TV
turn on the tive,Turn_on_TV
ibra turnd on ther ti,Turn_on_TV
libratur on the tivi,Turn_on_TV
libra turnd on the tivi,Turn_on_TV
t v on,Turn_on_TV
teve on,Turn_on_TV
v on,Turn_on_TV
tard other tiin,Turn_on_TV
turn on the ty,Turn_on_TV
hern on the tivi,Turn_on_TV
turn on the tife,Turn_on_TV
turnin on the teve,Turn_on_TV
turn on thartivi,Turn_on_TV
farn on the tivi,Turn_on_TV
turting on the teeweeds,Turn_on_TV
turs on the teve,Turn_on_TV
sturin on the tive,Turn_on_TV
alt tartie,Turn_on_TV
at the tive,Turn_on_TV
ad bo evy,Turn_on_TV
start go ere,Turn_on_TV
start the teve,Turn_on_TV
start the tive,Turn_on_TV
starks ther thieves,Turn_on_TV
tart the tiwi,Turn_on_TV
turned on the tivi,Turn_on_TV
urnd on the tave,Turn_on_TV
turn on the tive,Turn_on_TV
urn on ther tave,Turn_on_TV
ern on the tewee,Turn_on_TV
on ther tave,Turn_on_TV
turnin on that davy,Turn_on_TV
he be on,Turn_on_TV
te w on,Turn_on_TV
pi we on,Turn_on_TV
te read on,Turn_on_TV
te re on,Turn_on_TV
turned on the teve,Turn_on_TV
ar the thieves,Turn_on_TV
turned on bet devi,Turn_on_TV
turned on thei teery,Turn_on_TV
turn on the tery,Turn_on_TV
turned on their tre,Turn_on_TV
turn on the tive,Turn_on_TV
urn on tha tavie,Turn_on_TV
sweech on the tivi,Turn_on_TV
great on the ave,Turn_on_TV
pitched on that table,Turn_on_TV
pety old ber tavils,Turn_on_TV
righ on the tive,Turn_on_TV
reat on the tave,Turn_on_TV
i far ther tevin,Turn_on_TV
which on the tivi,Turn_on_TV
on bytavi,Turn_on_TV
baron on de teve,Turn_on_TV
an on ther ti,Turn_on_TV
on the davie,Turn_on_TV
from an that dave,Turn_on_TV
urn on tha tale,Turn_on_TV
turn hon that baby,Turn_on_TV
turn on the pale,Turn_on_TV
pe ve on,Turn_on_TV
ta me on,Turn_on_TV
davy on,Turn_on_TV
be we on,Turn_on_TV
aunt davy,Turn_on_TV
on davy,Turn_on_TV
aunt dave,Turn_on_TV
on table,Turn_on_TV
on te ree,Turn_on_TV
on t pr,Turn_on_TV
turn on the tavi,Turn_on_TV
turned on their feve,Turn_on_TV
uran on their tave,Turn_on_TV
arnt on ther tury,Turn_on_TV
her on that evein,Turn_on_TV
third on the tib,Turn_on_TV
tund ort this hee,Turn_on_TV
tad of the tivy,Turn_on_TV
tort on the thief,Turn_on_TV
tare on ther tove,Turn_on_TV
tlartn an tily,Turn_on_TV
term aunt davy,Turn_on_TV
taran an tertimi,Turn_on_TV
bave me od,Turn_on_TV
te re on,Turn_on_TV
e re on,Turn_on_TV
urn on the tive,Turn_on_TV
torn on berthive,Turn_on_TV
turnin on their tiv,Turn_on_TV
turns on the tive,Turn_on_TV
turns on the t,Turn_on_TV
returned on the te,Turn_on_TV
turn on the tiw,Turn_on_TV
turn on the tiwee,Turn_on_TV
ta o derti,Turn_on_TV
terved on the tive,Turn_on_TV
turnin on the tive,Turn_on_TV
turn on that tive,Turn_on_TV
turem on the tive,Turn_on_TV
harrmin on the tabe,Turn_on_TV
parten on the tevi,Turn_on_TV
pardon on their tave,Turn_on_TV
on dirty wee,Turn_on_TV
on the ti vek,Turn_on_TV
on the tivy dewe on,Turn_on_TV
tilwe on,Turn_on_TV
te we on,Turn_on_TV
turn on therti,Turn_on_TV
turrin on the te,Turn_on_TV
turnd on therte,Turn_on_TV
tarran a tativi,Turn_on_TV
tarn an tar tewi,Turn_on_TV
tur on thuri v,Turn_on_TV
pn on the tewig,Turn_on_TV
tars on that he,Turn_on_TV
turin on ther t,Turn_on_TV
tarm an da tivi,Turn_on_TV
written on the t v,Turn_on_TV
tarn an dartivi,Turn_on_TV
tarn on the tivi,Turn_on_TV
tarn on the tiri,Turn_on_TV
tired and awed by tel,Turn_on_TV
talk on dirty,Turn_on_TV
turn on ther tive,Turn_on_TV
turn on the tive,Turn_on_TV
tar on the tevi,Turn_on_TV
or the tivies,Turn_on_TV
ern on the tive,Turn_on_TV
ur on the tewee r,Turn_on_TV
tarn on the tivi,Turn_on_TV
turnin on the tee,Turn_on_TV
turn on their tit,Turn_on_TV
tard ard bar t,Turn_on_TV
turned on davie,Turn_on_TV
turned on theve,Turn_on_TV
p tre on,Turn_on_TV
t v on,Turn_on_TV
e re on,Turn_on_TV
re on,Turn_on_TV
e we on,Turn_on_TV
b re on,Turn_on_TV
e reel on,Turn_on_TV
t v ar,Turn_on_TV
e be on,Turn_on_TV
tree arn,Turn_on_TV
we on,Turn_on_TV
w on,Turn_on_TV
tun on the te,Turn_on_TV
turned on the tive,Turn_on_TV
tarn on the tivi,Turn_on_TV
n onter tive,Turn_on_TV
uran on der teve,Turn_on_TV
on thet tavy,Turn_on_TV
turn an teve,Turn_on_TV
tar an evi,Turn_on_TV
od tee,Turn_on_TV
yo ar tene,Turn_on_TV
on teve,Turn_on_TV
on davy,Turn_on_TV
on teve,Turn_on_TV
uron tv,Turn_on_TV
urad tivi,Turn_on_TV
ur an thiwi,Turn_on_TV
on deve,Turn_on_TV
aron ave,Turn_on_TV
taran aun tive,Turn_on_TV
erten on avy,Turn_on_TV
arri on tave,Turn_on_TV
ontel ai pen,Turn_on_TV
turned on davie,Turn_on_TV
taran arn davy,Turn_on_TV
turn on tive,Turn_on_TV
arn on teve,Turn_on_TV
m aun tore,Turn_on_TV
ran on tily,Turn_on_TV
tarn on tivi,Turn_on_TV
ar on tivi,Turn_on_TV
orn on tere,Turn_on_TV
urn on dave,Turn_on_TV
tarn an tivi,Turn_on_TV
turf ord tii,Turn_on_TV
tar on t v,Turn_on_TV
urnl on t v,Turn_on_TV
tert on ti ve,Turn_on_TV
ter an ti v,Turn_on_TV
turtl ont v,Turn_on_TV
tar on t v,Turn_on_TV
tarn on t v,Turn_on_TV
turin on t w,Turn_on_TV
turn on t b,Turn_on_TV
turn onte reeds,Turn_on_TV
dart on t w,Turn_on_TV
turn on t v,Turn_on_TV
thir on p r,Turn_on_TV
on t v,Turn_on_TV
turn on t v,Turn_on_TV
turned on t vr,Turn_on_TV
on  v,Turn_on_TV
turnn on t r,Turn_on_TV
tellin on pe weev,Turn_on_TV
turnmn on the reef,Turn_on_TV
tor on p reed,Turn_on_TV
an on t v,Turn_on_TV
tharts ot te me,Turn_on_TV
tun on te re,Turn_on_TV
turn on t v,Turn_on_TV
turn on te reav,Turn_on_TV
tar on t wee,Turn_on_TV
urn on t v,Turn_on_TV
turned on the rave,Turn_on_TV
on till we,Turn_on_TV
turn on t v,Turn_on_TV
tar on tiv,Turn_on_TV
hernt on t v,Turn_on_TV
ar on tt v,Turn_on_TV
arn a tivi,Turn_on_TV
tot an tee,Turn_on_TV
turn on pev,Turn_on_TV
turin on a le,Turn_on_TV
urn on t v,Turn_on_TV
tar an t vi,Turn_on_TV
turn on til we,Turn_on_TV
tars on tiwi,Turn_on_TV
turn on teri,Turn_on_TV
turn on tevi,Turn_off_TV
turn off tily,Turn_off_TV
turn of dave,Turn_off_TV
turn  ollpebe,Turn_off_TV
tarun of tesi,Turn_off_TV
tarn osti,Turn_off_TV
turn avusty,Turn_off_TV
tarn alf stevie,Turn_off_TV
tarn of evi,Turn_off_TV
tarn au rativi,Turn_off_TV
tarden al stivi,Turn_off_TV
of tarnofstiwi,Turn_off_TV
taren off tittiwe,Turn_off_TV
tarn off dativi,Turn_off_TV
surran off ta tiwi,Turn_off_TV
turn of dirty wee,Turn_off_TV
turn of thirty weave,Turn_off_TV
turn off the tive,Turn_off_TV
tarn off dertii,Turn_off_TV
torron of tertiv,Turn_off_TV
turn of thertive,Turn_off_TV
turn off thirty wee,Turn_off_TV
turn of thirty we,Turn_off_TV
turn of sartivi,Turn_off_TV
turin off thirty wheel,Turn_off_TV
turn off the sew,Turn_off_TV
turn of thirty we,Turn_off_TV
turrn of dirty,Turn_off_TV
torn of thirtiwe,Turn_off_TV
turn of thirty wee,Turn_off_TV
turn off the tilly,Turn_off_TV
i tund off the,Turn_off_TV
turn of tatini,Turn_off_TV
turn of thirty v,Turn_off_TV
turn of thert,Turn_off_TV
termed of the tivi,Turn_off_TV
turn off the thimi,Turn_off_TV
turn of the tivi,Turn_off_TV
turn of the tivi,Turn_off_TV
turned off their tivy,Turn_off_TV
turin of ther teve,Turn_off_TV
turin off their tale,Turn_off_TV
turin of tirty,Turn_off_TV
turn off ther tive,Turn_off_TV
taran offte avi,Turn_off_TV
turned off the timy,Turn_off_TV
tuled off thirten,Turn_off_TV
turin off thertiny,Turn_off_TV
turn off the taweel,Turn_off_TV
turned off the tevy,Turn_off_TV
turn of tartini,Turn_off_TV
turin off tha tee,Turn_off_TV
turnd ofthar tave,Turn_off_TV
turnd off thirteen,Turn_off_TV
turren off that tile,Turn_off_TV
turnin off ther teve,Turn_off_TV
turin off the tevi,Turn_off_TV
turin off ther tyweel,Turn_off_TV
turin off the tevi,Turn_off_TV
turn off tertivi,Turn_off_TV
turin off the tivy,Turn_off_TV
taran off the tivi,Turn_off_TV
turin off the tewe,Turn_off_TV
turn off ther tiwi,Turn_off_TV
sturrn of thirtivi,Turn_off_TV
turn off spetodily,Turn_off_TV
turn of the tivi,Turn_off_TV
turin of ther tive,Turn_off_TV
turin off that tev,Turn_off_TV
temd or thirty,Turn_off_TV
taran of the tiwi,Turn_off_TV
urrn of thertive,Turn_off_TV
nor in all thirty,Turn_off_TV
surn of tertivi,Turn_off_TV
turn off ther tewe,Turn_off_TV
turn of ter tive,Turn_off_TV
tern off thirty,Turn_off_TV
switch of thirteen,Turn_off_TV
srach of the tie,Turn_off_TV
switch off bertivi,Turn_off_TV
switch off the tivy,Turn_off_TV
swich off the teri,Turn_off_TV
which ofrter time,Turn_off_TV
which o thirty tree,Turn_off_TV
which are the ter,Turn_off_TV
reburn the kara,Turn_off_TV
dave bunt currer,Turn_off_TV
tiwi band kara,Turn_off_TV
t w burn the curdle,Turn_off_TV
te ivibant of kur,Turn_off_TV
which of dat,Turn_off_TV
swich of the tivi,Turn_off_TV
swich of the tivy,Turn_off_TV
swich off the themy,Turn_off_TV
turn off the tivy,Turn_off_TV
turn off the tive,Turn_off_TV
startin off ther tiwe,Turn_off_TV
turing off thertim,Turn_off_TV
starten off the tiwi,Turn_off_TV
turn off the tev,Turn_off_TV
turn off thir stewe,Turn_off_TV
an off their teve,Turn_off_TV
tiv  onme thirty,Turn_off_TV
sturin off the tivy,Turn_off_TV
turn off the tivy,Turn_off_TV
tarn of the tili,Turn_off_TV
of tevy,Turn_off_TV
o teme,Turn_off_TV
of thee determinite,Turn_off_TV
of a theoryy,Turn_off_TV
of  peve,Turn_off_TV
o theve,Turn_off_TV
t v of,Turn_off_TV
teme o heven,Turn_off_TV
davy or,Turn_off_TV
steve o,Turn_off_TV
pie off,Turn_off_TV
tevy o,Turn_off_TV
dele or,Turn_off_TV
deve of,Turn_off_TV
davy o,Turn_off_TV
turn off ther tee,Turn_off_TV
turn off the tivi,Turn_off_TV
burden of the twe,Turn_off_TV
t v of,Turn_off_TV
de lee of,Turn_off_TV
the re off,Turn_off_TV
w off,Turn_off_TV
turn off the tiwe,Turn_off_TV
urn off the divy,Turn_off_TV
huren of the tive,Turn_off_TV
out the tive,Turn_off_TV
turnd off the tiwe,Turn_off_TV
burden of thirtiwees,Turn_off_TV
devi of,Turn_off_TV
t v off,Turn_off_TV
tre bun the curer,Turn_off_TV
t r bunde cur,Turn_off_TV
tiri banda carus,Turn_off_TV
t v burn the cur,Turn_off_TV
tw bunt kur,Turn_off_TV
t v bant curre,Turn_off_TV
turn of thirty wee,Turn_off_TV
turn off dirty ve,Turn_off_TV
turn off thirty,Turn_off_TV
turn off ter tiv,Turn_off_TV
turn of thar tivi,Turn_off_TV
taran of te tiwi,Turn_off_TV
turn of thartivi,Turn_off_TV
turen off their tute,Turn_off_TV
i turned off te,Turn_off_TV
turn off dirtiwe,Turn_off_TV
turn off thirty vee,Turn_off_TV
turn off their teewee,Turn_off_TV
corten of the tivi,Turn_off_TV
surn off the tivi,Turn_off_TV
turten of the tive,Turn_off_TV
davy off,Turn_off_TV
dele of,Turn_off_TV
curn ol of thirty,Turn_off_TV
turn of dirtiwi,Turn_off_TV
turn of thirtiwe,Turn_off_TV
tarren of ter tiwi,Turn_off_TV
turn off tirtive,Turn_off_TV
urron of tartivi,Turn_off_TV
torn of thirteen,Turn_off_TV
turn of thirty,Turn_off_TV
tartn of the te,Turn_off_TV
turn off ther tivi,Turn_off_TV
turn off ther tive,Turn_off_TV
turn of the teve,Turn_off_TV
tot ong after to,Turn_off_TV
turned off the tivy,Turn_off_TV
turn off ther tiwe,Turn_off_TV
turn off ter,Turn_off_TV
turn of dar tivi,Turn_off_TV
turn off the tive,Turn_off_TV
turrnt of thirty,Turn_off_TV
turn off the teve,Turn_off_TV
taran of thartivi,Turn_off_TV
turnd off the tive,Turn_off_TV
urun off thirty,Turn_off_TV
turn off thirteen,Turn_off_TV
which are of hactiv,Turn_off_TV
speech of the tire,Turn_off_TV
trage of therte,Turn_off_TV
on which of tha tevy,Turn_off_TV
swich of ther ti v channi,Turn_off_TV
teri bandacur,Turn_off_TV
startle off tartivi,Turn_off_TV
urrn of the tave,Turn_off_TV
turn of ther tiri,Turn_off_TV
turran of thirty wee,Turn_off_TV
turan of the tivi,Turn_off_TV
turn off the tevi,Turn_off_TV
rn off ther tea,Turn_off_TV
tini off,Turn_off_TV
tere of,Turn_off_TV
davy of,Turn_off_TV
turned off the tive,Turn_off_TV
carran of the tavi,Turn_off_TV
turn off the teve,Turn_off_TV
of the tili,Turn_off_TV
dave off,Turn_off_TV
deve of,Turn_off_TV
dev of,Turn_off_TV
turned off the tive,Turn_off_TV
retarf of tain dalis,Turn_off_TV
of that devy,Turn_off_TV
tard of the tea,Turn_off_TV
run off the team,Turn_off_TV
t v of,Turn_off_TV
davy of,Turn_off_TV
turn off the tv,Turn_off_TV
turned off thirteen,Turn_off_TV
tweve or thirteen,Turn_off_TV
torn ous thirty weels,Turn_off_TV
urn of the pebe,Turn_off_TV
eran ols dertiwe,Turn_off_TV
oh hav that time,Turn_off_TV
rn ofs thertive,Turn_off_TV
turn off thirt wee,Turn_off_TV
tarn as ther tiwi,Turn_off_TV
turrn os therte,Turn_off_TV
frurmed off thirty,Turn_off_TV
frran of thirte,Turn_off_TV
torn off durstivi,Turn_off_TV
turn off thirtime,Turn_off_TV
turn off the tivi,Turn_off_TV
temuth of thertiv,Turn_off_TV
turned off the tve,Turn_off_TV
davy off,Turn_off_TV
be we oh,Turn_off_TV
tely of,Turn_off_TV
surran of tertiwi,Turn_off_TV
of thirty le,Turn_off_TV
rn out ther teve,Turn_off_TV
turtle as ther tee,Turn_off_TV
told o berty,Turn_off_TV
tern as baltimi,Turn_off_TV
un off their tevy,Turn_off_TV
urn asf ther tive,Turn_off_TV
run off ter tavy,Turn_off_TV
of the tiv,Turn_off_TV
urned off to their teals,Turn_off_TV
turn off the,Turn_off_TV
turin off the teel,Turn_off_TV
urn off their te,Turn_off_TV
turmd of thirty weeks,Turn_off_TV
turren of thirty,Turn_off_TV
stern ots a tu,Turn_off_TV
turn of thirte,Turn_off_TV
turned off the tii,Turn_off_TV
turned off thirty,Turn_off_TV
sturn off the tiv,Turn_off_TV
turned off the tiry,Turn_off_TV
toran off their ter,Turn_off_TV
tarzan of the tirin,Turn_off_TV
turned off the tiri,Turn_off_TV
turn off the tree,Turn_off_TV
urn off thetele,Turn_off_TV
turn off the devy,Turn_off_TV
torren off dartine,Turn_off_TV
turnen of thirty wee,Turn_off_TV
turnd off the tivy,Turn_off_TV
turned off the ta,Turn_off_TV
turn off the tive,Turn_off_TV
mte turned off the tre,Turn_off_TV
turn of the tile,Turn_off_TV
return of thirty,Turn_off_TV
turne off the tuy,Turn_off_TV
tun o the tev,Turn_off_TV
may be altosur,Turn_off_TV
ton ovs thirtes,Turn_off_TV
son of thirtye,Turn_off_TV
un of thirtye,Turn_off_TV
turnd off thirty wee,Turn_off_TV
of thirtyn,Turn_off_TV
turn of thirten,Turn_off_TV
be we off,Turn_off_TV
sweech of the tibe,Turn_off_TV
ita tedsee me,Turn_off_TV
which of the tivi,Turn_off_TV
svech of thirten,Turn_off_TV
sweech of the tewe,Turn_off_TV
which of the timy,Turn_off_TV
twich ogus thirteen,Turn_off_TV
sweech of the tea,Turn_off_TV
wich of the tu,Turn_off_TV
smich ov thirteen,Turn_off_TV
sweech of the dew,Turn_off_TV
wich ofte tiry,Turn_off_TV
rich of the dans turned off the tees,Turn_off_TV
which ar fater to,Turn_off_TV
turn tee o ha,Turn_off_TV
dodging off teny,Turn_off_TV
turn of teli,Turn_off_TV
torn of the de,Turn_off_TV
storm of the dee,Turn_off_TV
ternn of thertye,Turn_off_TV
turn of thirte,Turn_off_TV
turren off the de,Turn_off_TV
tone of therte,Turn_off_TV
dodden off ther ten,Turn_off_TV
foden of therte,Turn_off_TV
done ater deeds,Turn_off_TV
ston of ther timi,Turn_off_TV
turned off their teeth,Turn_off_TV
asked thirtyn,Turn_off_TV
torn off thirtiwe,Turn_off_TV
arnt alls dirty,Turn_off_TV
arnt off ther tevy,Turn_off_TV
dordnt oss the teve,Turn_off_TV
turn of thirty,Turn_off_TV
turn over t,Turn_off_TV
don ofte,Turn_off_TV
tornn of thirty,Turn_off_TV
frn off ther tive,Turn_off_TV
of thirtime,Turn_off_TV
turn of sir tewi,Turn_off_TV
turn off satiwi,Turn_off_TV
sudden off the tili,Turn_off_TV
taran of the tii,Turn_off_TV
turning off the tevy,Turn_off_TV
turnd off thirty wee,Turn_off_TV
turn of thirty,Turn_off_TV
tarn off the tea,Turn_off_TV
turning off their tea,Turn_off_TV
turnd off the tee,Turn_off_TV
tarnin of kartimli,Turn_off_TV
and of the tisy,Turn_off_TV
starting off ta te,Turn_off_TV
torten of the te,Turn_off_TV
turn of thirty,Turn_off_TV
torran of thirty,Turn_off_TV
toran of thirty,Turn_off_TV
dagten of therteen,Turn_off_TV
darden as thirtyme,Turn_off_TV
urn off thirty,Turn_off_TV
turnn off the tevy,Turn_off_TV
turn of thirty me,Turn_off_TV
turn off the teet,Turn_off_TV
turn off the tee,Turn_off_TV
rn of the t,Turn_off_TV
turn of thartiwi,Turn_off_TV
darden of the dee,Turn_off_TV
turn off thirty tun of thirty,Turn_off_TV
turn off the tee,Turn_off_TV
turn oll f their teet,Turn_off_TV
tarran of sartii,Turn_off_TV
stern off thirty,Turn_off_TV
tn of thirty o,Turn_off_TV
urton of thirty m,Turn_off_TV
turn off ther tee,Turn_off_TV
turn off ther teeth,Turn_off_TV
torrant of thirty wee,Turn_off_TV
taran of ther tiwe,Turn_off_TV
turn off the teve,Turn_off_TV
ten thirty vee,Turn_off_TV
of thirteen,Turn_off_TV
turn off ther tee,Turn_off_TV
turned off,Turn_off_TV
torn o therte,Turn_off_TV
turn of thirty,Turn_off_TV
turn of thetee,Turn_off_TV
turned off the table,Turn_off_TV
urn off thirtiwi,Turn_off_TV
turn off the tel,Turn_off_TV
to which all les,Turn_off_TV
turn off the te,Turn_off_TV
turning off the teawe,Turn_off_TV
turnen on dis,Turn_off_TV
turn off thirty v,Turn_off_TV
tun off tartivi,Turn_off_TV
turne off thirteen,Turn_off_TV
turn of thirte,Turn_off_TV
turrin off the tee,Turn_off_TV
turn of thirty wee,Turn_off_TV
turn off therdewy,Turn_off_TV
